topic,english,french
Absence data,Records where surveys were conducted but the taxon was not documented.,
Accuracy,The degree to which the model matches the reality of a taxon's distribution.,
Algorithm,A set of mathematical rules that can be followed to produce an outcome.,
Appropriateness of the model,"The degree to which a model is suitable for a given application, including model assumptions, performance, and insights.",
Assumptions,"Statements taken as true without proof, often used to simplify complex systems or make predictions.",
AUC (Area Under the Curve),The probability that a random species presence and a random species absence are correctly ordered by the classifier; AUC values above 0.75 are considered potentially useful.,
Background data,"A set of locations, often unsampled, used to characterize predictors across the study area and contrast with locations where the focal taxon has been detected. Also known as pseudo-absence data.",
BCRs (Bird Conservation Regions),The primary units for bird population management in North America.,
Binary predictions,"A prediction with two outcomes, typically positive and negative. Binary predictions are often produced by thresholding a continuous prediction of probability.",
Bounding box,"The minimum rectangular area of a given object or data extent (e.g., raster or vector layer).",
BRTs (Boosted Regression Trees),"An ensemble modelling technique that builds a series of small decision trees sequentially (""boosting""), with each new tree correcting the errors of the previous ones to improve overall predictive performance.",
Classifier,Any model or method with a binary or categorical outcome (e.g. presence-absence).,
Coefficients,The numerical value that quantifies the strength and direction of the relationship between a predictor variable and a response variable.,
Commission error,"Predicting a species to be present at location where it is in fact absent (i.e., a false positive).",
Components,Types of materials that modelers can upload.,
Covariates,Environmental variables that are used to predict the likelihood of a species' distribution. Also known as predictors.,
Cross-validation,A model evaluation technique that partitions data into multiple training and testing subsets to assess how well a predictive model generalizes to independent data.,
Data cleaning,"Preparation of data to ensure it is accurate, complete, and consistent before modeling. This process addresses issues like missing values, outliers, incorrect data entry, and duplicated records.",
Data integration,The process of including data from multiple sources or formats into a single statistical framework to enable comprehensive analysis and interpretation.,
Data partitioning,"The process of dividing a dataset into separate subsets, typically for training, validation, and testing, to build and evaluate predictive models without overfitting. Methods range from non-spatial partitioning range from non-spatial (e.g., random k-fold, jacknife) to spatial partitioning (i.e., based on geographic regions, to account for spatial autocorrelation or regional differences).",
Deployment,"A set of materials deployed by the modeler for evaluation, sharing the same use case, modeling settings.",
Detection probability,"The probability of observing a species during a survey, given it is present.",
Ensemble modelling,The combination of multiple individual models to create a more accurate and robust model.,
Empirical evaluation,"Model evaluation using data-driven tests of model performance, typically by comparing independent data to model predictions.",
Evaluator,"A person using the evaluator component of the sdmEvaluationTool to review and provide feedback on a species distribution model. An evaluator can provide feedback from many valuable perspectives, including taxonomic or sampling expertise, statistical or modelling expertise, or model application for resource management.",
Expert evaluation,Model evaluation using specialist knowledge to judge the model's ecological realism and applicability.,
Extrapolation,The process of making predictions beyond the range of the data set used to train the model.,
False positive,"A negative instance that is classified as a positive (e.g., an absence labelled as an occurrence). Also known as a commission error.",
False negative,"A positive instance that is classified as a negative (e.g., an occurrence labelled as an absence). Also known as an omission error.",
Focal taxon,"The taxonomic group that the species modelled are all included in (e.g., birds, vertebrates, vascular plants).",
GAM (Generalized Additive Model),"A flexible type of regression that fits smooth curves to data instead of straight lines, allowing it to capture complex, non-linear relationships between variables.",
Georeferencing errors,"Georeferencing errors occur when a map or image is not accurately aligned with real-world coordinates through inaccurate coordinate recording, incorrect coordinate entry, misinterpretations of scales/units, and using inappropriate transformation methods.",
GitHub,"A free Microsoft cloud platform for storing, sharing, and collaboratively developing computer code.",
GLM (Generalized Linear Model),"A type of regression that relates a response variable to predictors through a link function, allowing it to handle different kinds of data such as counts, proportions, or continuous values.",
Habitat suitability,The degree to which environmental conditions can support viable populations.,
Hypotheses,A proposed explanation for the relationship between a species' distribution and its environment.,
Inputs,"Materials used to build a species distribution model, including tabular data for model training and raster layers of predictors for model prediction.",
Joint SDMs,Multivariate SDMs that model multiple species concurrently to account for species interactions.,
Kappa statistic,"A measure of model performance that quantifies how well a species distribution model's predictions agree with observed occurrences, correcting for chance agreement, with values closer to 1 indicating stronger agreement.",
Maxent (maximum entropy model),"A model of a species' potential distribution fit by finding probability pattern of environmental conditions with maximum entropy, given known occurrence data and environmental constraints.",
Metadata,"The descriptive details about a species distribution model that provide context, including model design, development, and implementation.",
Model,"A simplified representation of an ecological system, often mathematical, used to understand complex systems and predict outcomes.",
Model averaging,"The combination of predictions or parameter estimates from multiple models to account for model uncertainty and produce more robust, reliable results.",
Model bias,Systematic difference between the true value of a statistic and the estimate.,
Model complexity,"The degree of intricacy and number of parameters within a model, interactions between variables, and the complexity of the statistical method used to fit the model.",
Model evaluation,The process of assessing how well a model's predictions match reality. Model evaluation can be empirical or expert.,
Model training,"The process of fitting a model (i.e., model parameter estimation), optimizing the model through tuning and validation, and post-processing the model for interpretation.",
Model interpretation,"The process of understanding how environmental variables influence predicted species distributions, what ecological insights the model reveals, and how those insights relate to the intended model application.",
Model materials,"Model inputs, outputs, and metadata.",
Model plausibility,The degree to which a model's predictions align with ecological understanding and observed patterns.,
Model reliability,The degree to which a model's accuracy is consistent across different conditions and applications.,
Model selection,"The process of selecting the best model from a set of candidate models, typically in terms of model fit and parsimony.",
Model settings,Parameters that control the model training process and that are selected by the modeller before model training.,
Model tuning,The process of optimizing a model's settings or parameters to improve its predictive performance.,
Modelers,"Users who design, develop, implement, test and report on SDMs. Modelers provide model materials for evaluation using the sdmEvalautionTool.",
Models,List of models available for evaluation.,
Module,"A collection of R code, typically a single Shiny app within a single Github repository, that provides specific functionality for the sdmEvaluationTool.",
Multi-state SDMs,A model that predicts the occurrence of a species across multiple ecological or behavioral states.,
Multicolinearity,"When predictor variables in a model are highly correlated with each other, making it difficult to separate their individual effects on the response.",
Northern Ontario Bird Modeling Working Group (NOBMWG),"An ECCC-led group of modelers, bird specialists, and managers drawn from federal and provincial governments, academia and environmental non-government organizations that work together to coordinate and enhance the extraction of information from emerging bird datasets and to tailor methods, results communications, and products to the needs of relevant sectors, with focus on Northern Ontario.",
Occurrences,Presence of a given species at a given site. Occurrence datasets can include both presences and absences.,
Outputs,"Materials output from a species distribution model, including raster layers of predictions and uncertainty and tabular results of the model and empirical model evaluation.",
Performance statistics,Quantitative measures used to assess how well a model's predictions match observed data via empirical model evaluation.,
Precision,The proportion of positive identifications that were actually correct.,
Predictions,"A spatial map of the models' estimated probability of occurrence, occupancy, habitat suitability, relative abundance, or density.",
Predictors,Biotic and abiotic variables used to explain and predict species distributions. Also known as covariates.,
Presence only data,"Data consisting only of occurrences without information on surveyed absences, typically used with background points for model training.",
Presence/absence data,Data consisting of both occurrences and surveyed absences.,
Random forest,"An ensemble learning method that builds many decision trees from random subsets of data and predictors, then combines their results to improve prediction accuracy and reduce overfitting.",
Recall,The proportion of actual positives that were correctly identified by the model.,
Resampling,"The adjustment of a dataset, typically by removing data points, to create a more balanced or representative sample for model training.",
RMSE (Root Mean Squared Error),"A measure of model performance that quantifies the average difference between predicted and observed values, giving more weight to larger errors.",
ROC (Receiver Operating Characteristic) curve,A graph of true positive rate against the false positive rate across different threshold values to show how well a model distinguishes between presence and absence.,
Sample size,The size of the data sample used to train and validate the model.,
Sampling bias,"Systematic variation in the sites that have been sampled, which can lead to bias in environmental predictors.",
sdmEvaluationTool,An interactive R Shiny tool that integrates Modules to enable evaluation of SDMs and synthesis of expert evaluation with quantitative evaluation to inform model improvement and application.,
SDMs (Species Distribution Models),"A model that relates species occurrence or abundance data to environmental variables to make spatially explicit predictions of species distribution, habitat, or density.",
SDMs-Correlative,A model of the observed distribution of a species as a function of the environmental predictors.,
SDMs-Mechanistic,A model of the environmental conditions under which a species can exist based on information about the species' physiology and ecology.,
Sensitivity,"The proportion of actual presences correctly predicted by the model, indicating how well it detects true positives. See also recall.",
Spatial autocorrelation,"The tendency for nearby locations to have more similar values than distant ones, which can violate the statistical assumption of independent observations.",
Data integration,The process of combining information from multiple sources or datasets while accounting for differences in data types to create a more comprehensive and consistent basis for analysis or modelling.,
Sampling design,"The planned strategy for how, where, and when data are collected to ensure they accurately represent the population or area of interest.",
Spatial extent,The geographic area over which data are collected or a model's predictions are applied.,
Spatial resolution,The size of the smallest unit or grid cell of data collection and model prediction.,
Spatial thinning,A resampling approach that reduces clustered occurrence records by removing nearby points to minimize spatial autocorrelation and sampling bias in model training data.,
Specificity,"The proportion of actual absences correctly predicted by the model, indicating how well it avoids false positives.",
Study region,The defined geographic area used to train and predict a species' potential habitat. See also spatial extent.,
Temporal extent,The time period over which data are collected or a model's predictions are applied.,
Temporal resolution,The size of the smallest unit of time used for data collection and model prediction.,
Test data,An independent set of observations used to evaluate final model performance after all training and tuning are complete.,
Threshold,"A cutoff value used to convert continuous model predictions, such as habitat suitability probabilities, into binary presence-absence outcomes.",
Tool Maintainers,"NOBMWG members capable of using R Shiny, R, and GitHub to modify or add to the tool code.",
Transferability,"The ability of a model built in one area or time period to accurately predict the species' distribution in a different area, different time period, or under different conditions.",
Predictor transformation,Rescaling applied to predictor rasters to resolve all layers to a common spatial resolution and extent.,
Uncertainty,"The degree of variability in model predictions arising from data limitations, model structure, or parameter estimation.",
Upscaling,"The process of decreasing the spatial resolution of predictions or input data to a coarser scale, typically to align with broader spatial analyses or reduce computational complexity.",
Users,"All people who use the sdmEvaluation Tool, including evaluators, modelers, and tool maintainers.",
Validation data,A subset of observations used during model development to tune parameters and assess performance before final model evaluation.,
