"code","name_latin","name_english","name_french","name_spanish"
"ABDU","Anas rubripes","American Black Duck","Canard noir","Ánade sombrío"
"ACFL","Empidonax virescens","Acadian Flycatcher","Moucherolle vert","Mosquero verdoso"
"ALFL","Empidonax alnorum","Alder Flycatcher","Moucherolle des aulnes","Mosquero alisero"
"AMAV","Recurvirostra americana","American Avocet","Avocette d'Amérique","Avoceta americana"
"AMBI","Botaurus lentiginosus","American Bittern","Butor d'Amérique","Avetoro lentiginoso"
"AMCO","Fulica americana","American Coot","Foulque d'Amérique","Focha americana"
"AMCR","Corvus brachyrhynchos","American Crow","Corneille d'Amérique","Cuervo americano"
"AMGO","Spinus tristis","American Goldfinch","Chardonneret jaune","Jilguero yanqui"
"AMGP","Pluvialis dominica","American Golden-Plover","Pluvier bronzé","Chorlito dorado americano"
"AMKE","Falco sparverius","American Kestrel","Crécerelle d'Amérique","Cernícalo americano"
"AMOY","Haematopus palliatus","American Oystercatcher","Huîtrier d'Amérique","Ostrero pío americano"
"AMPI","Anthus rubescens","American Pipit","Pipit d'Amérique","Bisbita norteamericano"
"AMRE","Setophaga ruticilla","American Redstart","Paruline flamboyante","Candelita norteña"
"AMRO","Turdus migratorius","American Robin","Merle d'Amérique","Zorzal robín"
"AMWI","Mareca americana","American Wigeon","Canard d'Amérique","Silbón americano"
"AMWO","Scolopax minor","American Woodcock","Bécasse d'Amérique","Chocha americana"
"ANHI","Anhinga anhinga","Anhinga","Anhinga d'Amérique","Anhinga americana"
"ANHU","Calypte anna","Anna's Hummingbird","Colibri d'Anna","Colibrí de Anna"
"ANMU","Synthliboramphus antiquus","Ancient Murrelet","Guillemot à cou blanc","Mérgulo antiguo"
"ARTE","Sterna paradisaea","Arctic Tern","Sterne arctique","Charrán ártico"
"ATFL","Myiarchus cinerascens","Ash-throated Flycatcher","Tyran à gorge cendrée","Copetón cenizo"
"ATPU","Fratercula arctica","Atlantic Puffin","Macareux moine","Frailecillo atlántico"
"ATSP","Spizelloides arborea","American Tree Sparrow","Bruant hudsonien","Chingolo arbóreo"
"ATTW","Picoides dorsalis","American Three-toed Woodpecker","Pic à dos rayé","Pico Tridáctilo Americano"
"AUSH","Puffinus lherminieri","Audubon's Shearwater","Puffin d'Audubon","Pardela de Audubon"
"AWPE","Pelecanus erythrorhynchos","American White Pelican","Pélican d'Amérique","Pelícano norteamericano"
"BACS","Peucaea aestivalis","Bachman's Sparrow","Bruant des pinèdes","Chingolo de Bachman"
"BAEA","Haliaeetus leucocephalus","Bald Eagle","Pygargue à tête blanche","Pigargo americano"
"BAGO","Bucephala islandica","Barrow's Goldeneye","Garrot d'Islande","Porrón islándico"
"BAIS","Centronyx bairdii","Baird's Sparrow","Bruant de Baird","Chingolo de Baird"
"BANS","Riparia riparia","Bank Swallow","Hirondelle de rivage","Avión zapador"
"BAOR","Icterus galbula","Baltimore Oriole","Oriole de Baltimore","Turpial de Baltimore"
"BARS","Hirundo rustica","Barn Swallow","Hirondelle rustique","Golondrina común"
"BASA","Calidris bairdii","Baird's Sandpiper","Bécasseau de Baird","Correlimos de Baird"
"BAWW","Mniotilta varia","Black-and-white Warbler","Paruline noir et blanc","Reinita trepadora"
"BBCU","Coccyzus erythropthalmus","Black-billed Cuckoo","Coulicou à bec noir","Cuclillo piquinegro"
"BBLH","Cynanthus latirostris","Broad-billed Hummingbird","Colibri circé","Colibrí piquiancho común"
"BBMA","Pica hudsonia","Black-billed Magpie","Pie d'Amérique","Urraca de Hudson"
"BBPL","Pluvialis squatarola","Black-bellied Plover","Pluvier argenté","Chorlito gris"
"BBSA","Calidris subruficollis","Buff-breasted Sandpiper","Bécasseau roussâtre","Correlimos canelo"
"BBWA","Setophaga castanea","Bay-breasted Warbler","Paruline à poitrine baie","Reinita castaña"
"BBWD","Dendrocygna autumnalis","Black-bellied Whistling-Duck","Dendrocygne à ventre noir","Suirirí piquirrojo"
"BBWO","Picoides arcticus","Black-backed Woodpecker","Pic à dos noir","Pico ártico"
"BCCH","Poecile atricapillus","Black-capped Chickadee","Mésange à tête noire","Carbonero cabecinegro"
"BCHU","Archilochus alexandri","Black-chinned Hummingbird","Colibri à gorge noire","Colibrí gorjinegro"
"BCNH","Nycticorax nycticorax","Black-crowned Night-Heron","Bihoreau gris","Martinete común"
"BCPE","Pterodroma hasitata","Black-capped Petrel","Pétrel diablotin","Petrel antillano"
"BCVI","Vireo atricapilla","Black-capped Vireo","Viréo à tête noire","Vireo cabecinegro"
"BDOW","Strix varia","Barred Owl","Chouette rayée","Cárabo norteamericano"
"BEKI","Megaceryle alcyon","Belted Kingfisher","Martin-pêcheur d'Amérique","Martín gigante norteamericano"
"BEVI","Vireo bellii","Bell's Vireo","Viréo de Bell","Vireo de Bell"
"BEWR","Thryomanes bewickii","Bewick's Wren","Troglodyte de Bewick","Cucarachero colinegro"
"BGGN","Polioptila caerulea","Blue-gray Gnatcatcher","Gobemoucheron gris-bleu","Perlita grisilla"
"BHCO","Molothrus ater","Brown-headed Cowbird","Vacher à tête brune","Tordo cabecipardo"
"BHGR","Pheucticus melanocephalus","Black-headed Grosbeak","Cardinal à tête noire","Picogrueso cabecinegro"
"BHGU","Chroicocephalus ridibundus","Black-headed Gull","Mouette rieuse","Gaviota reidora"
"BHVI","Vireo solitarius","Blue-headed Vireo","Viréo à tête bleue","Vireo solitario"
"BITH","Catharus bicknelli","Bicknell's Thrush","Grive de Bicknell","Zorzalito de Bicknell"
"BLAG","Limosa limosa","Black-tailed Godwit","Barge à queue noire","Aguja colinegra"
"BLBW","Setophaga fusca","Blackburnian Warbler","Paruline à gorge orangée","Reinita gorjinaranja"
"BLGR","Passerina caerulea","Blue Grosbeak","Guiraca bleu","Azulillo grande"
"BLGU","Cepphus grylle","Black Guillemot","Guillemot à miroir","Arao aliblanco"
"BLJA","Cyanocitta cristata","Blue Jay","Geai bleu","Chara azul"
"BLKI","Rissa tridactyla","Black-legged Kittiwake","Mouette tridactyle","Gaviota tridáctila"
"BLPW","Setophaga striata","Blackpoll Warbler","Paruline rayée","Reinita estriada"
"BLRA","Laterallus jamaicensis","Black Rail","Râle noir","Polluela negruzca"
"BLSC","Melanitta americana","Black Scoter","Macreuse à bec jaune","Negrón americano"
"BLSK","Rynchops niger","Black Skimmer","Bec-en-ciseaux noir","Rayador americano"
"BLSW","Cypseloides niger","Black Swift","Martinet sombre","Vencejo negro"
"BLTE","Chlidonias niger","Black Tern","Guifette noire","Fumarel común"
"BLTG","Larus crassirostris","Black-tailed Gull","Goéland à queue noire","Gaviota japonesa"
"BLVU","Coragyps atratus","Black Vulture","Urubu noir","Zopilote negro"
"BNOW","Tyto alba","Barn Owl","Effraie des clochers","Lechuza común"
"BNST","Himantopus mexicanus","Black-necked Stilt","Échasse d'Amérique","Cigüeñuela de Cuello Negro"
"BOBO","Dolichonyx oryzivorus","Bobolink","Goglu des prés","Tordo charlatán"
"BOCH","Poecile hudsonicus","Boreal Chickadee","Mésange à tête brune","Carbonero boreal"
"BOGU","Chroicocephalus philadelphia","Bonaparte's Gull","Mouette de Bonaparte","Gaviota de Bonaparte"
"BOOW","Aegolius funereus","Boreal Owl","Nyctale de Tengmalm","Mochuelo boreal"
"BOWA","Bombycilla garrulus","Bohemian Waxwing","Jaseur boréal","Ampelis europeo"
"BRAM","Fringilla montifringilla","Brambling","Pinson du Nord","Pinzón real"
"BRAN","Branta bernicla","Brant","Bernache cravant","Barnacla carinegra"
"BRBL","Euphagus cyanocephalus","Brewer's Blackbird","Quiscale de Brewer","Zanate de Brewer"
"BRBO","Sula leucogaster","Brown Booby","Fou brun","Piquero pardo"
"BRCR","Certhia americana","Brown Creeper","Grimpereau brun","Agateador americano"
"BRNG","Branta leucopsis","Barnacle Goose","Bernache nonnette","Barnacla cariblanca"
"BRPE","Pelecanus occidentalis","Brown Pelican","Pélican brun","Pelícano pardo"
"BRSP","Spizella breweri","Brewer's Sparrow","Bruant de Brewer","Chingolo de Brewer"
"BRST","Hydrobates castro","Band-rumped Storm-Petrel","Océanite de Castro","Paíño de Madeira"
"BRTH","Toxostoma rufum","Brown Thrasher","Moqueur roux","Cuitlacoche rojizo"
"BTBW","Setophaga caerulescens","Black-throated Blue Warbler","Paruline bleue","Reinita azulada"
"BTNW","Setophaga virens","Black-throated Green Warbler","Paruline à gorge noire","Reinita dorsiverde"
"BTPI","Patagioenas fasciata","Band-tailed Pigeon","Pigeon à queue barrée","Paloma torcaza septentrional"
"BTSP","Amphispiza bilineata","Black-throated Sparrow","Bruant à gorge noire","Chingolo gorjinegro"
"BTYW","Setophaga nigrescens","Black-throated Gray Warbler","Paruline grise","Reinita gris"
"BUFF","Bucephala albeola","Bufflehead","Petit Garrot","Porrón albeola"
"BUOR","Icterus bullockii","Bullock's Oriole","Oriole de Bullock","Turpial de Bullock"
"BUOW","Athene cunicularia","Burrowing Owl","Chevêche des terriers","Mochuelo de madriguera"
"BWHA","Buteo platypterus","Broad-winged Hawk","Petite Buse","Busardo aliancho"
"BWTE","Spatula discors","Blue-winged Teal","Sarcelle à ailes bleues","Cerceta aliazul"
"BWWA","Vermivora cyanoptera","Blue-winged Warbler","Paruline à ailes bleues","Reinita aliazul"
"CACG","Branta hutchinsii","Cackling Goose","Bernache de Hutchins","Barnacla canadiense chica"
"CACH","Poecile carolinensis","Carolina Chickadee","Mésange de Caroline","Carbonero de Carolina"
"CAEG","Bubulcus ibis","Cattle Egret","Héron garde-boeufs","Garcilla bueyera"
"CAFI","Haemorhous cassinii","Cassin's Finch","Roselin de Cassin","Camachuelo de Cassin"
"CAGO","Branta canadensis","Canada Goose","Bernache du Canada","Barnacla canadiense grande"
"CAGU","Larus californicus","California Gull","Goéland de Californie","Gaviota californiana"
"CAHU","Selasphorus calliope","Calliope Hummingbird","Colibri calliope","Colibrí calíope"
"CAJA","Perisoreus canadensis","Canada Jay","Mésangeai du Canada","Arrendajo canadiense"
"CAKI","Tyrannus vociferans","Cassin's Kingbird","Tyran de Cassin","Tirano gritón"
"CANV","Aythya valisineria","Canvasback","Fuligule à dos blanc","Porrón coacoxtle"
"CARW","Thryothorus ludovicianus","Carolina Wren","Troglodyte de Caroline","Cucarachero de Carolina"
"CASP","Peucaea cassinii","Cassin's Sparrow","Bruant de Cassin","Chingolo de Cassin"
"CASW","Petrochelidon fulva","Cave Swallow","Hirondelle à front brun","Golondrina pueblera"
"CATE","Hydroprogne caspia","Caspian Tern","Sterne caspienne","Pagaza piquirroja"
"CAWA","Cardellina canadensis","Canada Warbler","Paruline du Canada","Reinita canadiense"
"CCLO","Calcarius ornatus","Chestnut-collared Longspur","Plectrophane à ventre noir","Escribano collarejo"
"CCSP","Spizella pallida","Clay-colored Sparrow","Bruant des plaines","Chingolo pálido"
"CEDW","Bombycilla cedrorum","Cedar Waxwing","Jaseur d'Amérique","Ampelis americano"
"CERW","Setophaga cerulea","Cerulean Warbler","Paruline azurée","Reinita cerúlea"
"CHRA","Corvus cryptoleucus","Chihuahuan Raven","Corbeau à cou blanc","Cuervo llanero"
"CHSP","Spizella passerina","Chipping Sparrow","Bruant familier","Chingolo cejiblanco"
"CHSW","Chaetura pelagica","Chimney Swift","Martinet ramoneur","Vencejo de chimenea"
"CHUK","Alectoris chukar","Chukar","Perdrix choukar","Perdiz chúcar"
"CITE","Spatula cyanoptera","Cinnamon Teal","Sarcelle cannelle","Cerceta colorada"
"CLNU","Nucifraga columbiana","Clark's Nutcracker","Cassenoix d'Amérique","Cascanueces americano"
"CLSW","Petrochelidon pyrrhonota","Cliff Swallow","Hirondelle à front blanc","Golondrina risquera"
"CMWA","Setophaga tigrina","Cape May Warbler","Paruline tigrée","Reinita atigrada"
"COEI","Somateria mollissima","Common Eider","Eider à duvet","Éider común"
"COGA","Gallinula galeata","Common Gallinule","Gallinule d'Amérique","Gallineta americana"
"COGD","Columbina passerina","Common Ground Dove","Colombe à queue noire","Columbina común"
"COGO","Bucephala clangula","Common Goldeneye","Garrot à oeil d'or","Porrón osculado"
"COGR","Quiscalus quiscula","Common Grackle","Quiscale bronzé","Zanate común"
"COHA","Accipiter cooperii","Cooper's Hawk","Épervier de Cooper","Gavilán de Cooper"
"COLO","Gavia immer","Common Loon","Plongeon huard","Colimbo grande"
"COME","Mergus merganser","Common Merganser","Grand Harle","Serreta grande"
"CONI","Chordeiles minor","Common Nighthawk","Engoulevent d'Amérique","Añapero yanqui"
"CONW","Oporornis agilis","Connecticut Warbler","Paruline à gorge grise","Reinita de Connecticut"
"COPO","Phalaenoptilus nuttallii","Common Poorwill","Engoulevent de Nuttall","Chotacabras pachacua"
"CORA","Corvus corax","Common Raven","Grand Corbeau","Cuervo grande"
"CORE","Acanthis flammea","Common Redpoll","Sizerin flammé","Pardillo norteño"
"COTE","Sterna hirundo","Common Tern","Sterne pierregarin","Charrán común"
"COYE","Geothlypis trichas","Common Yellowthroat","Paruline masquée","Mascarita común"
"CRCA","Caracara cheriway","Crested Caracara","Caracara du Nord","Carancho norteño"
"CRPL","Charadrius hiaticula","Common Ringed Plover","Pluvier grand-gravelot","Chorlitejo grande"
"CSWA","Setophaga pensylvanica","Chestnut-sided Warbler","Paruline à flancs marron","Reinita de Pensilvania"
"CUSA","Calidris ferruginea","Curlew Sandpiper","Bécasseau cocorli","Correlimos zarapitín"
"CWWI","Antrostomus carolinensis","Chuck-will's-widow","Engoulevent de Caroline","Chotacabras de la Carolina"
"DCCO","Phalacrocorax auritus","Double-crested Cormorant","Cormoran à aigrettes","Cormorán orejudo"
"DEJU","Junco hyemalis","Dark-eyed Junco","Junco ardoisé","Junco pizarroso"
"DICK","Spiza americana","Dickcissel","Dickcissel d'Amérique","Arrocero"
"DOVE","Alle alle","Dovekie","Mergule nain","Mérgulo atlántico"
"DOWO","Dryobates pubescens","Downy Woodpecker","Pic mineur","Pico pubescente"
"DUFL","Empidonax oberholseri","Dusky Flycatcher","Moucherolle sombre","Mosquero oscuro"
"DUNL","Calidris alpina","Dunlin","Bécasseau variable","Correlimos común"
"EABL","Sialia sialis","Eastern Bluebird","Merlebleu de l'Est","Azulejo oriental"
"EAGR","Podiceps nigricollis","Eared Grebe","Grèbe à cou noir","Zampullín cuellinegro"
"EAKI","Tyrannus tyrannus","Eastern Kingbird","Tyran tritri","Tirano oriental"
"EAME","Sturnella magna","Eastern Meadowlark","Sturnelle des prés","Pradero oriental"
"EAPH","Sayornis phoebe","Eastern Phoebe","Moucherolle phébi","Mosquero fibí"
"EASO","Megascops asio","Eastern Screech-Owl","Petit-duc maculé","Autillo yanqui"
"EATO","Pipilo erythrophthalmus","Eastern Towhee","Tohi à flancs roux","Toquí flanquirrufo"
"EAWP","Contopus virens","Eastern Wood-Pewee","Pioui de l'Est","Pibí oriental"
"ECDO","Streptopelia decaocto","Eurasian Collared-Dove","Tourterelle turque","Tórtola turca"
"ELTE","Thalasseus elegans","Elegant Tern","Sterne élégante","Charrán elegante"
"ETSP","Passer montanus","Eurasian Tree Sparrow","Moineau friquet","Gorrión molinero"
"EUDO","Charadrius morinellus","Eurasian Dotterel","Pluvier guignard","Chorlito carambolo"
"EUJA","Corvus monedula","Eurasian Jackdaw","Choucas des tours","Grajilla occidental"
"EUST","Sturnus vulgaris","European Starling","Étourneau sansonnet","Estornino pinto"
"EUWI","Mareca penelope","Eurasian Wigeon","Canard siffleur","Silbón europeo"
"EVGR","Coccothraustes vespertinus","Evening Grosbeak","Gros-bec errant","Picogordo vespertino"
"EWPW","Antrostomus vociferus","Eastern Whip-poor-will","Engoulevent bois-pourri","Chotacabras cuerporruín norteño"
"FEHA","Buteo regalis","Ferruginous Hawk","Buse rouilleuse","Busardo herrumbroso"
"FICR","Corvus ossifragus","Fish Crow","Corneille de rivage","Cuervo pescador"
"FIEL","Turdus pilaris","Fieldfare","Grive litorne","Zorzal real"
"FISP","Spizella pusilla","Field Sparrow","Bruant des champs","Chingolo campestre"
"FOSP","Passerella iliaca","Fox Sparrow","Bruant fauve","Chingolo zorruno"
"FOTE","Sterna forsteri","Forster's Tern","Sterne de Forster","Charrán de Forster"
"FRGU","Leucophaeus pipixcan","Franklin's Gull","Mouette de Franklin","Gaviota pipizcan"
"FTFL","Tyrannus savana","Fork-tailed Flycatcher","Tyran des savanes","Tijereta sabanera"
"FUWD","Dendrocygna bicolor","Fulvous Whistling-Duck","Dendrocygne fauve","Suirirí bicolor"
"GADW","Mareca strepera","Gadwall","Canard chipeau","Ánade friso"
"GARG","Spatula querquedula","Garganey","Sarcelle d'été","Cerceta carretona"
"GBAN","Crotophaga sulcirostris","Groove-billed Ani","Ani à bec cannelé","Garrapatero asurcado"
"GBBG","Larus marinus","Great Black-backed Gull","Goéland marin","Gavión atlántico"
"GBHE","Ardea herodias","Great Blue Heron","Grand Héron","Garza azulada"
"GCFL","Myiarchus crinitus","Great Crested Flycatcher","Tyran huppé","Copetón viajero"
"GCKI","Regulus satrapa","Golden-crowned Kinglet","Roitelet à couronne dorée","Reyezuelo sátrapa"
"GCRF","Leucosticte tephrocotis","Gray-crowned Rosy-Finch","Roselin à tête grise","Pinzón montano nuquigrís"
"GCSP","Zonotrichia atricapilla","Golden-crowned Sparrow","Bruant à couronne dorée","Chingolo coronidorado"
"GCTH","Catharus minimus","Gray-cheeked Thrush","Grive à joues grises","Zorzalito carigrís"
"GGOW","Strix nebulosa","Great Gray Owl","Chouette lapone","Cárabo lapón"
"GHOW","Bubo virginianus","Great Horned Owl","Grand-duc d'Amérique","Búho americano"
"GKIS","Pitangus sulphuratus","Great Kiskadee","Tyran quiquivi","Bienteveo común"
"GLGU","Larus hyperboreus","Glaucous Gull","Goéland bourgmestre","Gavión hiperbóreo"
"GLIB","Plegadis falcinellus","Glossy Ibis","Ibis falcinelle","Morito común"
"GOEA","Aquila chrysaetos","Golden Eagle","Aigle royal","Águila real"
"GRAK","Tyrannus dominicensis","Gray Kingbird","Tyran gris","Tirano dominicano"
"GRCA","Dumetella carolinensis","Gray Catbird","Moqueur chat","Pájaro gato gris"
"GRCO","Phalacrocorax carbo","Great Cormorant","Grand Cormoran","Cormorán grande"
"GREG","Ardea alba","Great Egret","Grande Aigrette","Garceta grande"
"GRFL","Empidonax wrightii","Gray Flycatcher","Moucherolle gris","Mosquero gris"
"GRHE","Butorides virescens","Green Heron","Héron vert","Garcilla Verde"
"GRPA","Perdix perdix","Gray Partridge","Perdrix grise","Perdiz pardilla"
"GRSC","Aythya marila","Greater Scaup","Fuligule milouinan","Porrón bastardo"
"GRSH","Ardenna gravis","Great Shearwater","Puffin majeur","Pardela capirotada"
"GRSP","Ammodramus savannarum","Grasshopper Sparrow","Bruant sauterelle","Chingolo saltamontes"
"GRVE","Colibri thalassinus","Mexican Violetear","Colibri thalassin","Colibrí verdemar"
"GRWA","Setophaga graciae","Grace's Warbler","Paruline de Grace","Reinita de Grace"
"GRYE","Tringa melanoleuca","Greater Yellowlegs","Grand Chevalier","Archibebe patigualdo grande"
"GTGR","Quiscalus mexicanus","Great-tailed Grackle","Quiscale à longue queue","Zanate mexicano"
"GTTO","Pipilo chlorurus","Green-tailed Towhee","Tohi à queue verte","Toquí coliverde"
"GWFG","Anser albifrons","Greater White-fronted Goose","Oie rieuse","Ánsar careto"
"GWTE","Anas crecca","Green-winged Teal","Sarcelle d'hiver","Cerceta común"
"GWWA","Vermivora chrysoptera","Golden-winged Warbler","Paruline à ailes dorées","Reinita alidorada"
"GYRF","Falco rusticolus","Gyrfalcon","Faucon gerfaut","Halcón gerifalte"
"HARD","Histrionicus histrionicus","Harlequin Duck","Arlequin plongeur","Pato arlequín"
"HASP","Zonotrichia querula","Harris's Sparrow","Bruant à face noire","Chingolo de Harris"
"HAWO","Dryobates villosus","Hairy Woodpecker","Pic chevelu","Pico velloso"
"HEEG","Larus heermanni","Heermann's Gull","Goéland de Heermann","Gaviota mexicana"
"HERG","Larus argentatus","Herring Gull","Goéland argenté","Gaviota argéntea europea"
"HESP","Centronyx henslowii","Henslow's Sparrow","Bruant de Henslow","Chingolo de Henslow"
"HETH","Catharus guttatus","Hermit Thrush","Grive solitaire","Zorzalito colirrufo"
"HEWA","Setophaga occidentalis","Hermit Warbler","Paruline à tête jaune","Reinita cabecigualda"
"HOFI","Haemorhous mexicanus","House Finch","Roselin familier","Camachuelo mexicano"
"HOGR","Podiceps auritus","Horned Grebe","Grèbe esclavon","Zampullín cuellirrojo"
"HOLA","Eremophila alpestris","Horned Lark","Alouette hausse-col","Alondra cornuda"
"HOME","Lophodytes cucullatus","Hooded Merganser","Harle couronné","Serreta capuchona"
"HOOR","Icterus cucullatus","Hooded Oriole","Oriole masqué","Turpial enmascarado"
"HORE","Acanthis hornemanni","Hoary Redpoll","Sizerin blanchâtre","Pardillo Ártico"
"HOSP","Passer domesticus","House Sparrow","Moineau domestique","Gorrión común"
"HOWA","Setophaga citrina","Hooded Warbler","Paruline à capuchon","Reinita encapuchada"
"HOWR","Troglodytes aedon","House Wren","Troglodyte familier","Chochín criollo"
"HUGO","Limosa haemastica","Hudsonian Godwit","Barge hudsonienne","Aguja café"
"ICGU","Larus glaucoides","Iceland Gull","Goéland arctique","Gaviota groenlandesa"
"INBU","Passerina cyanea","Indigo Bunting","Passerin indigo","Azulillo índigo"
"INDO","Columbina inca","Inca Dove","Colombe inca","Tortolita mexicana"
"IVGU","Pagophila eburnea","Ivory Gull","Mouette blanche","Gaviota marfileña"
"KEGU","Larus dominicanus","Kelp Gull","Goéland dominicain","Gaviota cocinera"
"KEWA","Geothlypis formosa","Kentucky Warbler","Paruline du Kentucky","Reinita de Kentucky"
"KIEI","Somateria spectabilis","King Eider","Eider à tête grise","Éider real"
"KILL","Charadrius vociferus","Killdeer","Pluvier kildir","Chorlitejo culirrojo"
"KIRA","Rallus elegans","King Rail","Râle élégant","Rascón elegante"
"KIWA","Setophaga kirtlandii","Kirtland's Warbler","Paruline de Kirtland","Reinita de Kirtland"
"LAGU","Leucophaeus atricilla","Laughing Gull","Mouette atricille","Gaviota guanaguanare"
"LALO","Calcarius lapponicus","Lapland Longspur","Plectrophane lapon","Escribano lapón"
"LARB","Calamospiza melanocorys","Lark Bunting","Bruant noir et blanc","Chingolo albinegro"
"LASP","Chondestes grammacus","Lark Sparrow","Bruant à joues marron","Chingolo arlequín"
"LAZB","Passerina amoena","Lazuli Bunting","Passerin azuré","Azulillo lapislázuli"
"LBBG","Larus fuscus","Lesser Black-backed Gull","Goéland brun","Gaviota sombría"
"LBCU","Numenius americanus","Long-billed Curlew","Courlis à long bec","Zarapito americano"
"LBDO","Limnodromus scolopaceus","Long-billed Dowitcher","Bécassin à long bec","Agujeta escolopácea"
"LBHE","Egretta caerulea","Little Blue Heron","Aigrette bleue","Garceta azul"
"LBMU","Brachyramphus perdix","Long-billed Murrelet","Guillemot à long bec","Mérgulo jaspeado asiático"
"LCSP","Ammospiza leconteii","LeConte's Sparrow","Bruant de LeConte","Chingolo de Le Conte"
"LEBI","Ixobrychus exilis","Least Bittern","Petit Blongios","Avetorillo americano"
"LEFL","Empidonax minimus","Least Flycatcher","Moucherolle tchébec","Mosquero mínimo"
"LEGO","Spinus psaltria","Lesser Goldfinch","Chardonneret mineur","Jilguero menor"
"LENI","Chordeiles acutipennis","Lesser Nighthawk","Engoulevent minime","Añapero garrapena"
"LEOW","Asio otus","Long-eared Owl","Hibou moyen-duc","Búho chico"
"LESA","Calidris minutilla","Least Sandpiper","Bécasseau minuscule","Correlimos menudillo"
"LESC","Aythya affinis","Lesser Scaup","Petit Fuligule","Porrón bola"
"LETE","Sternula antillarum","Least Tern","Petite Sterne","Charrancito americano"
"LEWO","Melanerpes lewis","Lewis's Woodpecker","Pic de Lewis","Carpintero de Lewis"
"LEYE","Tringa flavipes","Lesser Yellowlegs","Petit Chevalier","Archibebe patigualdo chico"
"LHSP","Hydrobates leucorhous","Leach's Storm-Petrel","Océanite cul-blanc","Paíño boreal"
"LIEG","Egretta garzetta","Little Egret","Aigrette garzette","Garceta común"
"LIGU","Hydrocoloeus minutus","Little Gull","Mouette pygmée","Gaviota enana"
"LISP","Melospiza lincolnii","Lincoln's Sparrow","Bruant de Lincoln","Chingolo de Lincoln"
"LIST","Calidris minuta","Little Stint","Bécasseau minute","Correlimos menudo"
"LOSH","Lanius ludovicianus","Loggerhead Shrike","Pie-grièche migratrice","Alcaudón americano"
"LOWA","Parkesia motacilla","Louisiana Waterthrush","Paruline hochequeue","Reinita charquera de Luisiana"
"LTDU","Clangula hyemalis","Long-tailed Duck","Harelde kakawi","Pato havelda"
"LTJA","Stercorarius longicaudus","Long-tailed Jaeger","Labbe à longue queue","Págalo rabero"
"MAFR","Fregata magnificens","Magnificent Frigatebird","Frégate superbe","Rabihorcado magnífico"
"MAGO","Limosa fedoa","Marbled Godwit","Barge marbrée","Aguja canela"
"MALL","Anas platyrhynchos","Mallard","Canard colvert","Ánade azulón"
"MASH","Puffinus puffinus","Manx Shearwater","Puffin des Anglais","Pardela pichoneta"
"MAWA","Setophaga magnolia","Magnolia Warbler","Paruline à tête cendrée","Reinita de Magnolia"
"MAWR","Cistothorus palustris","Marsh Wren","Troglodyte des marais","Cucarachero pantanero"
"MCLO","Rhynchophanes mccownii","McCown's Longspur","Plectrophane de McCown","Escribano de McCown"
"MEGU","Larus canus","Mew Gull","Goéland cendré","Gaviota cana"
"MERL","Falco columbarius","Merlin","Faucon émerillon","Esmerejón"
"MGWA","Geothlypis tolmiei","MacGillivray's Warbler","Paruline des buissons","Reinita de Tolmie"
"MIKI","Ictinia mississippiensis","Mississippi Kite","Milan du Mississippi","Elanio del Misisipi"
"MOBL","Sialia currucoides","Mountain Bluebird","Merlebleu azuré","Azulejo claro"
"MODO","Zenaida macroura","Mourning Dove","Tourterelle triste","Zenaida huilota"
"MODU","Anas fulvigula","Mottled Duck","Canard brun","Ánade moteado"
"MONP","Charadrius mongolus","Lesser Sand-Plover","Pluvier de Mongolie","Chorlitejo mongol chico"
"MOWA","Geothlypis philadelphia","Mourning Warbler","Paruline triste","Reinita plañidera"
"MUSW","Cygnus olor","Mute Swan","Cygne tuberculé","Cisne vulgar"
"NAWA","Leiothlypis ruficapilla","Nashville Warbler","Paruline à joues grises","Reinita de Nashville"
"NECO","Phalacrocorax brasilianus","Neotropic Cormorant","Cormoran vigua","Cormorán biguá"
"NHOW","Surnia ulula","Northern Hawk Owl","Chouette épervière","Cárabo gavilán"
"NOBO","Colinus virginianus","Northern Bobwhite","Colin de Virginie","Colín de Virginia"
"NOCA","Cardinalis cardinalis","Northern Cardinal","Cardinal rouge","Cardenal norteño"
"NOFL","Colaptes auratus","Northern Flicker","Pic flamboyant","Carpintero escapulario dorado"
"NOFU","Fulmarus glacialis","Northern Fulmar","Fulmar boréal","Fulmar boreal"
"NOGA","Morus bassanus","Northern Gannet","Fou de Bassan","Alcatraz atlántico"
"NOGO","Accipiter gentilis","Northern Goshawk","Autour des palombes","Azor común"
"NOHA","Circus hudsonius","Northern Harrier","Busard des marais","Aguilucho de Hudson"
"NOMO","Mimus polyglottos","Northern Mockingbird","Moqueur polyglotte","Sinsonte norteño"
"NOPA","Setophaga americana","Northern Parula","Paruline à collier","Parula norteña"
"NOPI","Anas acuta","Northern Pintail","Canard pilet","Ánade rabudo norteño"
"NOWA","Parkesia noveboracensis","Northern Waterthrush","Paruline des ruisseaux","Reinita charquera norteña"
"NOWH","Oenanthe oenanthe","Northern Wheatear","Traquet motteux","Collalba gris"
"NRWS","Stelgidopteryx serripennis","Northern Rough-winged Swallow","Hirondelle à ailes hérissées","Golondrina aserrada norteña"
"NSHO","Spatula clypeata","Northern Shoveler","Canard souchet","Cuchara común"
"NSHR","Lanius borealis","Northern Shrike","Pie-grièche boréale","Alcaudón boreal"
"NSTS","Ammospiza nelsoni","Nelson's Sparrow","Bruant de Nelson","Chingolo de Nelson"
"NSWO","Aegolius acadicus","Northern Saw-whet Owl","Petite Nyctale","Mochuelo cabezón"
"OCWA","Leiothlypis celata","Orange-crowned Warbler","Paruline verdâtre","Reinita coroninaranja"
"OROR","Icterus spurius","Orchard Oriole","Oriole des vergers","Turpial castaño"
"OSFL","Contopus cooperi","Olive-sided Flycatcher","Moucherolle à côtés olive","Pibí boreal"
"OSPR","Pandion haliaetus","Osprey","Balbuzard pêcheur","Águila pescadora"
"OVEN","Seiurus aurocapilla","Ovenbird","Paruline couronnée","Reinita hornera"
"PABU","Passerina ciris","Painted Bunting","Passerin nonpareil","Azulillo sietecolores"
"PAJA","Stercorarius parasiticus","Parasitic Jaeger","Labbe parasite","Págalo parásito"
"PALO","Gavia pacifica","Pacific Loon","Plongeon du Pacifique","Colimbo del Pacífico"
"PARE","Myioborus pictus","Painted Redstart","Paruline à ailes blanches","Candelita aliblanca"
"PAWA","Setophaga palmarum","Palm Warbler","Paruline à couronne rousse","Reinita palmera"
"PBGR","Podilymbus podiceps","Pied-billed Grebe","Grèbe à bec bigarré","Zampullín picogrueso"
"PEFA","Falco peregrinus","Peregrine Falcon","Faucon pèlerin","Halcón peregrino"
"PESA","Calidris melanotos","Pectoral Sandpiper","Bécasseau à poitrine cendrée","Correlimos pectoral"
"PFGO","Anser brachyrhynchus","Pink-footed Goose","Oie à bec court","Ánsar piquicorto"
"PHAI","Phainopepla nitens","Phainopepla","Phénopèple luisant","Capulinero negro"
"PHVI","Vireo philadelphicus","Philadelphia Vireo","Viréo de Philadelphie","Vireo de Filadelfia"
"PIGR","Pinicola enucleator","Pine Grosbeak","Durbec des sapins","Camachuelo picogrueso"
"PIPL","Charadrius melodus","Piping Plover","Pluvier siffleur","Chorlitejo silbador"
"PISI","Spinus pinus","Pine Siskin","Tarin des pins","Jilguero de los pinos"
"PIWA","Setophaga pinus","Pine Warbler","Paruline des pins","Reinita del pinar"
"PIWO","Dryocopus pileatus","Pileated Woodpecker","Grand Pic","Picamaderos norteamericano"
"PLVI","Vireo plumbeus","Plumbeous Vireo","Viréo plombé","Vireo plomizo"
"POJA","Stercorarius pomarinus","Pomarine Jaeger","Labbe pomarin","Págalo pomarino"
"PRAW","Setophaga discolor","Prairie Warbler","Paruline des prés","Reinita galana"
"PRFA","Falco mexicanus","Prairie Falcon","Faucon des prairies","Halcón mexicano"
"PROW","Protonotaria citrea","Prothonotary Warbler","Paruline orangée","Reinita protonotaria"
"PUFI","Haemorhous purpureus","Purple Finch","Roselin pourpré","Camachuelo purpúreo"
"PUGA","Porphyrio martinicus","Purple Gallinule","Talève violacée","Calamoncillo americano"
"PUMA","Progne subis","Purple Martin","Hirondelle noire","Golondrina purpúrea"
"PUSA","Calidris maritima","Purple Sandpiper","Bécasseau violet","Correlimos oscuro"
"PYRR","Cardinalis sinuatus","Pyrrhuloxia","Cardinal pyrrhuloxia","Cardenal pardo"
"RAZO","Alca torda","Razorbill","Petit Pingouin","Alca común"
"RBGR","Pheucticus ludovicianus","Rose-breasted Grosbeak","Cardinal à poitrine rose","Picogrueso pechirrosado"
"RBGU","Larus delawarensis","Ring-billed Gull","Goéland à bec cerclé","Gaviota de Delaware"
"RBME","Mergus serrator","Red-breasted Merganser","Harle huppé","Serreta mediana"
"RBNU","Sitta canadensis","Red-breasted Nuthatch","Sittelle à poitrine rousse","Trepador canadiense"
"RBWO","Melanerpes carolinus","Red-bellied Woodpecker","Pic à ventre roux","Carpintero de Carolina"
"RCKI","Regulus calendula","Ruby-crowned Kinglet","Roitelet à couronne rubis","Reyezuelo rubí"
"RECR","Loxia curvirostra","Red Crossbill","Bec-croisé des sapins","Piquituerto común"
"REDH","Aythya americana","Redhead","Fuligule à tête rouge","Porrón americano"
"REEG","Egretta rufescens","Reddish Egret","Aigrette roussâtre","Garceta rojiza"
"REKN","Calidris canutus","Red Knot","Bécasseau maubèche","Correlimos gordo"
"REPH","Phalaropus fulicarius","Red Phalarope","Phalarope à bec large","Falaropo picogrueso"
"REVI","Vireo olivaceus","Red-eyed Vireo","Viréo aux yeux rouges","Vireo chiví"
"RHWO","Melanerpes erythrocephalus","Red-headed Woodpecker","Pic à tête rouge","Carpintero cabecirrojo"
"RIPH","Phasianus colchicus","Ring-necked Pheasant","Faisan de Colchide","Faisán vulgar"
"RLHA","Buteo lagopus","Rough-legged Hawk","Buse pattue","Busardo calzado"
"RNDU","Aythya collaris","Ring-necked Duck","Fuligule à collier","Porrón acollarado"
"RNGR","Podiceps grisegena","Red-necked Grebe","Grèbe jougris","Somormujo cuellirrojo"
"RNPH","Phalaropus lobatus","Red-necked Phalarope","Phalarope à bec étroit","Falaropo picofino"
"ROGO","Anser rossii","Ross's Goose","Oie de Ross","Ánsar de Ross"
"ROGU","Rhodostethia rosea","Ross's Gull","Mouette rosée","Gaviota rosada"
"ROPI","Columba livia","Rock Pigeon","Pigeon biset","Paloma bravía"
"ROPT","Lagopus muta","Rock Ptarmigan","Lagopède alpin","Lagópodo alpino"
"ROSP","Platalea ajaja","Roseate Spoonbill","Spatule rosée","Espátula rosada"
"ROWR","Salpinctes obsoletus","Rock Wren","Troglodyte des rochers","Cucarachero roquero"
"ROYT","Thalasseus maximus","Royal Tern","Sterne royale","Charrán real"
"RSHA","Buteo lineatus","Red-shouldered Hawk","Buse à épaulettes","Busardo de hombro rojo"
"RTHA","Buteo jamaicensis","Red-tailed Hawk","Buse à queue rousse","Busardo colirrojo"
"RTHU","Archilochus colubris","Ruby-throated Hummingbird","Colibri à gorge rubis","Colibrí gorjirrubí"
"RTLO","Gavia stellata","Red-throated Loon","Plongeon catmarin","Colimbo chico"
"RUBL","Euphagus carolinus","Rusty Blackbird","Quiscale rouilleux","Zanate canadiense"
"RUDU","Oxyura jamaicensis","Ruddy Duck","Érismature rousse","Malvasía canela"
"RUFF","Calidris pugnax","Ruff","Combattant varié","Combatiente"
"RUGR","Bonasa umbellus","Ruffed Grouse","Gélinotte huppée","Grévol engolado"
"RUHU","Selasphorus rufus","Rufous Hummingbird","Colibri roux","Colibrí rufo"
"RUTU","Arenaria interpres","Ruddy Turnstone","Tournepierre à collier","Vuelvepiedras común"
"RWBL","Agelaius phoeniceus","Red-winged Blackbird","Carouge à épaulettes","Sargento alirrojo"
"SACR","Antigone canadensis","Sandhill Crane","Grue du Canada","Grulla canadiense"
"SAGU","Xema sabini","Sabine's Gull","Mouette de Sabine","Gaviota de Sabine"
"SAND","Calidris alba","Sanderling","Bécasseau sanderling","Correlimos tridáctilo"
"SAPH","Sayornis saya","Say's Phoebe","Moucherolle à ventre roux","Mosquero llanero"
"SATE","Thalasseus sandvicensis","Sandwich Tern","Sterne caugek","Charrán patinegro"
"SATH","Oreoscoptes montanus","Sage Thrasher","Moqueur des armoises","Cuitlacoche de las artemisas"
"SAVS","Passerculus sandwichensis","Savannah Sparrow","Bruant des prés","Chingolo sabanero"
"SBDO","Limnodromus griseus","Short-billed Dowitcher","Bécassin roux","Agujeta gris"
"SBFL","Myiodynastes luteiventris","Sulphur-bellied Flycatcher","Tyran tigré","Bienteveo ventriazufrado"
"SBGU","Larus schistisagus","Slaty-backed Gull","Goéland à manteau ardoisé","Gaviota de Kamchatka"
"SCOR","Icterus parisorum","Scott's Oriole","Oriole jaune-verdâtre","Turpial de Scott"
"SCTA","Piranga olivacea","Scarlet Tanager","Piranga écarlate","Piranga escarlata"
"SEOW","Asio flammeus","Short-eared Owl","Hibou des marais","Búho campestre"
"SEPL","Charadrius semipalmatus","Semipalmated Plover","Pluvier semipalmé","Chorlitejo semipalmeado"
"SESA","Calidris pusilla","Semipalmated Sandpiper","Bécasseau semipalmé","Correlimos semipalmeado"
"SEWR","Cistothorus platensis","Sedge Wren","Troglodyte à bec court","Cucarachero sabanero"
"SHAS","Calidris acuminata","Sharp-tailed Sandpiper","Bécasseau à queue pointue","Correlimos acuminado"
"SIRU","Calliope calliope","Siberian Rubythroat","Rossignol calliope","Ruiseñor calíope"
"SMEW","Mergellus albellus","Smew","Harle piette","Serreta chica"
"SMLO","Calcarius pictus","Smith's Longspur","Plectrophane de Smith","Escribano de Smith"
"SNBU","Plectrophenax nivalis","Snow Bunting","Plectrophane des neiges","Escribano nival"
"SNEG","Egretta thula","Snowy Egret","Aigrette neigeuse","Garceta nívea"
"SNGO","Anser caerulescens","Snow Goose","Oie des neiges","Ánsar nival"
"SNOW","Bubo scandiacus","Snowy Owl","Harfang des neiges","Búho nival"
"SNPL","Charadrius nivosus","Snowy Plover","Pluvier neigeux","Chorlitejo nivoso"
"SORA","Porzana carolina","Sora","Marouette de Caroline","Polluela sora"
"SOSA","Tringa solitaria","Solitary Sandpiper","Chevalier solitaire","Andarríos solitario"
"SOSP","Melospiza melodia","Song Sparrow","Bruant chanteur","Chingolo cantor"
"SOTE","Onychoprion fuscatus","Sooty Tern","Sterne fuligineuse","Charrán sombrío"
"SPGR","Falcipennis canadensis","Spruce Grouse","Tétras du Canada","Gallo canadiense"
"SPPI","Anthus spragueii","Sprague's Pipit","Pipit de Sprague","Bisbita llanero"
"SPRE","Tringa erythropus","Spotted Redshank","Chevalier arlequin","Archibebe oscuro"
"SPSA","Actitis macularius","Spotted Sandpiper","Chevalier grivelé","Andarríos maculado"
"SPTO","Pipilo maculatus","Spotted Towhee","Tohi tacheté","Toquí moteado"
"SSHA","Accipiter striatus","Sharp-shinned Hawk","Épervier brun","Gavilán americano"
"STFL","Tyrannus forficatus","Scissor-tailed Flycatcher","Tyran à longue queue","Tijereta rosada"
"STGR","Tympanuchus phasianellus","Sharp-tailed Grouse","Tétras à queue fine","Gallo de las praderas rabudo"
"STKI","Elanoides forficatus","Swallow-tailed Kite","Naucler à queue fourchue","Elanio tijereta"
"STSA","Calidris himantopus","Stilt Sandpiper","Bécasseau à échasses","Correlimos zancolín"
"SUSC","Melanitta perspicillata","Surf Scoter","Macreuse à front blanc","Negrón careto"
"SUTA","Piranga rubra","Summer Tanager","Piranga vermillon","Piranga roja"
"SWHA","Buteo swainsoni","Swainson's Hawk","Buse de Swainson","Busardo chapulinero"
"SWSP","Melospiza georgiana","Swamp Sparrow","Bruant des marais","Chingolo pantanero"
"SWTH","Catharus ustulatus","Swainson's Thrush","Grive à dos olive","Zorzalito quemado"
"SWWA","Limnothlypis swainsonii","Swainson's Warbler","Paruline de Swainson","Reinita de Swainson"
"TBKI","Tyrannus crassirostris","Thick-billed Kingbird","Tyran à bec épais","Tirano piquigrueso"
"TBMU","Uria lomvia","Thick-billed Murre","Guillemot de Brünnich","Arao de Brünnich"
"TEWA","Leiothlypis peregrina","Tennessee Warbler","Paruline obscure","Reinita de Tennessee"
"TOSO","Myadestes townsendi","Townsend's Solitaire","Solitaire de Townsend","Solitario norteño"
"TOWA","Setophaga townsendi","Townsend's Warbler","Paruline de Townsend","Reinita de Townsend"
"TRES","Tachycineta bicolor","Tree Swallow","Hirondelle bicolore","Golondrina bicolor"
"TRHE","Egretta tricolor","Tricolored Heron","Aigrette tricolore","Garceta tricolor"
"TRKI","Tyrannus melancholicus","Tropical Kingbird","Tyran mélancolique","Tirano melancólico"
"TRUS","Cygnus buccinator","Trumpeter Swan","Cygne trompette","Cisne trompetero"
"TUDU","Aythya fuligula","Tufted Duck","Fuligule morillon","Porrón moñudo"
"TUSW","Cygnus columbianus","Tundra Swan","Cygne siffleur","Cisne chico"
"TUTI","Baeolophus bicolor","Tufted Titmouse","Mésange bicolore","Herrerillo bicolor"
"TUVU","Cathartes aura","Turkey Vulture","Urubu à tête rouge","Aura gallipavo"
"UPSA","Bartramia longicauda","Upland Sandpiper","Maubèche des champs","Correlimos batitú"
"VABU","Passerina versicolor","Varied Bunting","Passerin varié","Azulillo morado"
"VAFL","Empidonomus varius","Variegated Flycatcher","Tyran tacheté","Tuquito rayado"
"VATH","Ixoreus naevius","Varied Thrush","Grive à collier","Zorzal pinto"
"VEER","Catharus fuscescens","Veery","Grive fauve","Zorzalito rojizo"
"VEFL","Pyrocephalus rubinus","Vermilion Flycatcher","Moucherolle vermillon","Mosquero cardenal"
"VESP","Pooecetes gramineus","Vesper Sparrow","Bruant vespéral","Chingolo coliblanco"
"VGSW","Tachycineta thalassina","Violet-green Swallow","Hirondelle à face blanche","Golondrina verdemar"
"VIRA","Rallus limicola","Virginia Rail","Râle de Virginie","Rascón de Virginia"
"VIWA","Leiothlypis virginiae","Virginia's Warbler","Paruline de Virginia","Reinita de Virginia"
"WATA","Tringa incana","Wandering Tattler","Chevalier errant","Playero de Alaska"
"WAVI","Vireo gilvus","Warbling Vireo","Viréo mélodieux","Vireo gorjeador"
"WBNU","Sitta carolinensis","White-breasted Nuthatch","Sittelle à poitrine blanche","Trepador pechiblanco"
"WCPI","Patagioenas leucocephala","White-crowned Pigeon","Pigeon à couronne blanche","Paloma coronita"
"WCSP","Zonotrichia leucophrys","White-crowned Sparrow","Bruant à couronne blanche","Chingolo coroniblanco"
"WCSW","Streptoprocne zonaris","White-collared Swift","Martinet à collier blanc","Vencejo acollarado"
"WEGR","Aechmophorus occidentalis","Western Grebe","Grèbe élégant","Achichilique común"
"WEKI","Tyrannus verticalis","Western Kingbird","Tyran de l'Ouest","Tirano occidental"
"WEME","Sturnella neglecta","Western Meadowlark","Sturnelle de l'Ouest","Pradero occidental"
"WESA","Calidris mauri","Western Sandpiper","Bécasseau d'Alaska","Correlimos de Alaska"
"WETA","Piranga ludoviciana","Western Tanager","Piranga à tête rouge","Piranga carirroja"
"WEVI","Vireo griseus","White-eyed Vireo","Viréo aux yeux blancs","Vireo ojiblanco"
"WEWA","Helmitheros vermivorum","Worm-eating Warbler","Paruline vermivore","Reinita gusanera"
"WEWP","Contopus sordidulus","Western Wood-Pewee","Pioui de l'Ouest","Pibí occidental"
"WFIB","Plegadis chihi","White-faced Ibis","Ibis à face blanche","Morito cariblanco"
"WHCR","Grus americana","Whooping Crane","Grue blanche","Grulla trompetera"
"WHIB","Eudocimus albus","White Ibis","Ibis blanc","Corocoro blanco"
"WHIM","Numenius phaeopus","Whimbrel","Courlis corlieu","Zarapito trinador"
"WHWA","Motacilla alba","White Wagtail","Bergeronnette grise","Lavandera blanca"
"WIFL","Empidonax traillii","Willow Flycatcher","Moucherolle des saules","Mosquero saucero"
"WILL","Tringa semipalmata","Willet","Chevalier semipalmé","Playero aliblanco"
"WIPH","Phalaropus tricolor","Wilson's Phalarope","Phalarope de Wilson","Falaropo tricolor"
"WIPL","Charadrius wilsonia","Wilson's Plover","Pluvier de Wilson","Chorlitejo piquigrueso"
"WIPT","Lagopus lagopus","Willow Ptarmigan","Lagopède des saules","Lagópodo común"
"WISN","Gallinago delicata","Wilson's Snipe","Bécassine de Wilson","Agachadiza de Wilson"
"WISP","Oceanites oceanicus","Wilson's Storm-Petrel","Océanite de Wilson","Paíño de Wilson"
"WITU","Meleagris gallopavo","Wild Turkey","Dindon sauvage","Guajolote gallipavo"
"WIWA","Cardellina pusilla","Wilson's Warbler","Paruline à calotte noire","Reinita de Wilson"
"WIWR","Troglodytes hiemalis","Winter Wren","Troglodyte des forêts","Chochín hiemal"
"WODU","Aix sponsa","Wood Duck","Canard branchu","Pato joyuyo"
"WOST","Mycteria americana","Wood Stork","Tantale d'Amérique","Tántalo americano"
"WOTH","Hylocichla mustelina","Wood Thrush","Grive des bois","Zorzalito maculado"
"WRSA","Calidris fuscicollis","White-rumped Sandpiper","Bécasseau à croupion blanc","Correlimos culiblanco"
"WTSP","Zonotrichia albicollis","White-throated Sparrow","Bruant à gorge blanche","Chingolo gorjiblanco"
"WWCR","Loxia leucoptera","White-winged Crossbill","Bec-croisé bifascié","Piquituerto aliblanco"
"WWDO","Zenaida asiatica","White-winged Dove","Tourterelle à ailes blanches","Zenaida aliblanca"
"WWSC","Melanitta deglandi","White-winged Scoter","Macreuse à ailes blanches","Negrón aliblanco"
"WWTE","Chlidonias leucopterus","White-winged Tern","Guifette leucoptère","Fumarel aliblanco"
"YBCH","Icteria virens","Yellow-breasted Chat","Ictérie polyglotte","Reinita grande"
"YBCU","Coccyzus americanus","Yellow-billed Cuckoo","Coulicou à bec jaune","Cuclillo piquigualdo"
"YBFL","Empidonax flaviventris","Yellow-bellied Flycatcher","Moucherolle à ventre jaune","Mosquero ventriamarillo"
"YBLO","Gavia adamsii","Yellow-billed Loon","Plongeon à bec blanc","Colimbo de Adams"
"YBSA","Sphyrapicus varius","Yellow-bellied Sapsucker","Pic maculé","Chupasavia norteño"
"YCNH","Nyctanassa violacea","Yellow-crowned Night-Heron","Bihoreau violacé","Martinete coronado"
"YERA","Coturnicops noveboracensis","Yellow Rail","Râle jaune","Polluela amarillenta"
"YHBL","Xanthocephalus xanthocephalus","Yellow-headed Blackbird","Carouge à tête jaune","Tordo cabeciamarillo"
"YNAL","Thalassarche chlororhynchos","Yellow-nosed Albatross","Albatros à nez jaune","Albatros clororrinco atlántico"
"YRWA","Setophaga coronata","Yellow-rumped Warbler","Paruline à croupion jaune","Reinita coronada"
"YTVI","Vireo flavifrons","Yellow-throated Vireo","Viréo à gorge jaune","Vireo gorjiamarillo"
"YTWA","Setophaga dominica","Yellow-throated Warbler","Paruline à gorge jaune","Reinita gorjiamarilla"
"YWAR","Setophaga petechia","Yellow Warbler","Paruline jaune","Reinita de manglar"
